{
    "center_x": 1056.4427490234375,
    "center_y": 529.2072143554688,
    "width": 514.8790283203125,
    "height": 1101.0792236328125,
    "angle_deg": 99.69697570800781
}